site,block,ID,trt,rack,cone,stem_diam_mm,longest_leaf_mm,ll_cotyl,height_cm,number_true_leaves,number_cotyledons,pick_type,notes,variable1,day,type,full_name,seed_year,lat,long,elev_m
LV3,B3,D2-S2-1,6,C9,30,0.5,14,NA,1.8,9,0,OP,NA,0.344820862,2,orange toothpick,Lassen Volcanic 3,2018,40.4664,-121.52311,2440
LV3,B3,D2-S1-6,6,C9,31,0.77,9,NA,2.1,6,2,OS,NA,0.449372296,5,orange sword,Lassen Volcanic 3,2018,40.4664,-121.52311,2440
SQ3,B1,D1-S1-1,6,C9,32,0.28,10,NA,1.5,5,2,BP,NA,0.900095655,4,blue toothpick,Sequoia 3,2017,36.72109,-118.84933,2350
DPR,B2,D1-S1-7,6,C9,33,0.52,12,NA,3.2,5,1,YP,NA,0.833442039,1,yellow toothpick,Drum Powerhouse Road,2018,39.22846,-120.81518,1020
LV3,B1,D2-S1-2,6,C9,34,0.58,9,NA,2.1,6,2,WP,NA,0.770617776,3,white toothpick,Lassen Volcanic 3,2018,40.4664,-121.52311,2440
WL1,B1,D2-S1-1,6,C9,35,0.56,14,NA,1.6,5,2,YP,NA,NA,1,yellow toothpick,Wright's Lake 1,2019,38.78608,-120.2143,1680
SQ3,B2,D2-S1-7,6,C9,36,0.18,8,NA,1.3,5,2,BP,NA,0.123379795,4,blue toothpick,Sequoia 3,2017,36.72109,-118.84933,2350
SQ3,B3,D1-S1-6,6,C9,37,0.44,9,NA,1.7,6,2,OP,NA,0.082841796,2,orange toothpick,Sequoia 3,2017,36.72109,-118.84933,2350
WL1,B1,D2-S2-2,6,C9,38,0.68,11,NA,2.6,6,2,GP,NA,0.833751402,0,green toothpick,Wright's Lake 1,2019,38.78608,-120.2143,1680
SQ3,B2,D2-S1-6,6,C9,39,0.74,10,NA,1.3,7,2,BP,NA,0.314699885,4,blue toothpick,Sequoia 3,2017,36.72109,-118.84933,2350
DPR,B2,D1-S2-4,6,C9,40,0.74,15,NA,4.7,7,2,YP,NA,0.41881168,1,yellow toothpick,Drum Powerhouse Road,2018,39.22846,-120.81518,1020
WL1,B2,D2-S2-1,6,C9,41,0.62,13,NA,1.9,6,2,GP,NA,0.138363296,0,green toothpick,Wright's Lake 1,2019,38.78608,-120.2143,1680
SQ3,B3,D2-S2-3,6,C9,42,0.11,7,NA,1,5,2,OS,NA,0.979687648,5,orange sword,Sequoia 3,2017,36.72109,-118.84933,2350
WL1,B2,D2-S2-8,6,C9,43,0.28,8,NA,1.5,5,2,GP,NA,0.541172233,0,green toothpick,Wright's Lake 1,2019,38.78608,-120.2143,1680
DPR,B2,D2-S1-7,6,C9,44,0.51,15,NA,4.3,5,2,OP,NA,0.01033108,2,orange toothpick,Drum Powerhouse Road,2018,39.22846,-120.81518,1020
LV3,B3,D1-S1-4,6,C9,45,0.52,10,NA,2.1,6,2,OS,NA,0.216724975,5,orange sword,Lassen Volcanic 3,2018,40.4664,-121.52311,2440
WL1,B1,D1-S2-5,6,C9,46,0.57,12,NA,1.9,5,2,WP,NA,0.971261094,3,white toothpick,Wright's Lake 1,2019,38.78608,-120.2143,1680
DPR,B1,D2-S1-3,6,C9,47,0.43,11,NA,3.3,5,1,OS,NA,NA,5,orange sword,Drum Powerhouse Road,2018,39.22846,-120.81518,1020
LV3,B1,D2-S1-9,6,C9,48,0.67,9,NA,2.1,7,2,OP,NA,0.311719338,2,orange toothpick,Lassen Volcanic 3,2018,40.4664,-121.52311,2440
LV3,B1,D1-S2-9,6,C9,49,0.57,10,NA,2,8,2,BP,NA,0.442407446,4,blue toothpick,Lassen Volcanic 3,2018,40.4664,-121.52311,2440
DPR,B1,D1-S1-1,6,C9,50,0.56,16,NA,7.4,6,2,GP,NA,0.758275682,0,green toothpick,Drum Powerhouse Road,2018,39.22846,-120.81518,1020
DPR,B1,D2-S2-3,6,C9,51,0.55,13,NA,3.5,5,2,OS,NA,0.840043047,5,orange sword,Drum Powerhouse Road,2018,39.22846,-120.81518,1020
SQ3,B3,D2-S1-6,6,C9,52,0.39,10,NA,1,5,2,OS,NA,0.298605185,5,orange sword,Sequoia 3,2017,36.72109,-118.84933,2350
LV3,B2,D1-S1-1,6,C9,53,0.86,14,NA,2.6,7,2,WP,NA,0.333915495,3,white toothpick,Lassen Volcanic 3,2018,40.4664,-121.52311,2440
DPR,B1,D1-S2-3,6,C9,54,0.86,16,NA,4.4,7,2,GP,NA,0.989913495,0,green toothpick,Drum Powerhouse Road,2018,39.22846,-120.81518,1020
WL1,B1,D2-S1-3,6,C9,55,0.44,11,NA,1.9,5,2,YP,NA,0.212554938,1,yellow toothpick,Wright's Lake 1,2019,38.78608,-120.2143,1680
DPR,B2,D2-S1-3,6,C9,56,0.53,16,NA,3.5,6,1,GP,NA,0.291344073,0,green toothpick,Drum Powerhouse Road,2018,39.22846,-120.81518,1020
LV3,B2,D1-S2-8,6,C9,57,0.59,10,NA,2.3,7,2,OP,NA,0.394529761,2,orange toothpick,Lassen Volcanic 3,2018,40.4664,-121.52311,2440
LV3,B1,D2-S2-10,6,C9,58,0.29,9,NA,1.6,6,2,OP,NA,0.235540138,2,orange toothpick,Lassen Volcanic 3,2018,40.4664,-121.52311,2440
WL1,B2,D1-S1-10,6,C9,59,0.52,12,NA,3.1,5,2,OS,NA,0.487908527,5,orange sword,Wright's Lake 1,2019,38.78608,-120.2143,1680
WL1,B1,D2-S2-6,6,C9,60,0.51,10,NA,1.3,4,2,OP,NA,0.144894166,2,orange toothpick,Wright's Lake 1,2019,38.78608,-120.2143,1680
LV3,B2,D2-S1-4,6,C9,61,0.62,10,NA,1.8,6,2,BP,NA,0.326454285,4,blue toothpick,Lassen Volcanic 3,2018,40.4664,-121.52311,2440
LV3,B1,D2-S1-3,6,C9,62,0.6,8,NA,1.9,6,2,WP,NA,0.352186548,3,white toothpick,Lassen Volcanic 3,2018,40.4664,-121.52311,2440
LV3,B2,D2-S2-1,6,C9,63,0.7,10,NA,3,7,2,BP,NA,0.569409349,4,blue toothpick,Lassen Volcanic 3,2018,40.4664,-121.52311,2440
SQ3,B3,D1-S1-8,6,C9,64,0.33,9,NA,2,6,2,OP,NA,0.557554703,2,orange toothpick,Sequoia 3,2017,36.72109,-118.84933,2350
LV3,B2,D2-S1-3,6,C9,65,0.32,11,NA,1.4,6,2,OS,NA,0.402299867,5,orange sword,Lassen Volcanic 3,2018,40.4664,-121.52311,2440
SQ3,B1,D1-S2-1,6,C9,66,0.45,14,NA,2.1,7,1,WP,NA,0.613217015,3,white toothpick,Sequoia 3,2017,36.72109,-118.84933,2350
SQ3,B2,D2-S1-9,6,C9,67,0.31,7,NA,1.1,4,2,OS,NA,0.628352958,5,orange sword,Sequoia 3,2017,36.72109,-118.84933,2350
LV3,B2,D2-S1-10,6,C9,68,0.64,10,NA,2,5,2,WP,NA,0.429775644,3,white toothpick,Lassen Volcanic 3,2018,40.4664,-121.52311,2440
LV3,B1,D1-S1-3,6,C9,69,0.67,10,NA,1.7,6,2,WP,NA,0.248708069,3,white toothpick,Lassen Volcanic 3,2018,40.4664,-121.52311,2440
SQ3,B3,D1-S1-1,6,C9,70,0.49,6,NA,1.1,5,2,OP,NA,0.698571792,2,orange toothpick,Sequoia 3,2017,36.72109,-118.84933,2350
SQ3,B3,D1-S2-3,6,C9,71,0.38,11,NA,1.5,6,2,BP,NA,0.550505694,4,blue toothpick,Sequoia 3,2017,36.72109,-118.84933,2350
SQ3,B2,D2-S2-1,6,C9,72,0.52,10,NA,1.1,5,2,WP,NA,0.173011447,3,white toothpick,Sequoia 3,2017,36.72109,-118.84933,2350
WL1,B2,D1-S1-5,6,C9,73,0.63,19,NA,2.6,6,2,GP,NA,0.59306756,0,green toothpick,Wright's Lake 1,2019,38.78608,-120.2143,1680
SQ3,B1,D2-S1-7,6,C9,74,0.91,17,NA,2.1,6,2,WP,NA,0.032131333,3,white toothpick,Sequoia 3,2017,36.72109,-118.84933,2350
LV3,B2,D2-S2-7,6,C9,75,0.65,10,NA,2,7,2,BP,NA,0.222972309,4,blue toothpick,Lassen Volcanic 3,2018,40.4664,-121.52311,2440
SQ3,B3,D2-S2-6,6,C9,76,0.21,8,NA,0.8,5,0,BP,NA,0.987984484,4,blue toothpick,Sequoia 3,2017,36.72109,-118.84933,2350
SQ3,B1,D2-S1-5,6,C9,77,0.22,6,NA,0.8,4,0,WP,NA,0.671238041,3,white toothpick,Sequoia 3,2017,36.72109,-118.84933,2350
WL1,B2,D1-S1-1,6,C9,78,0.32,9,NA,1.1,5,2,PS,NA,0.858545781,8,pink sword,Wright's Lake 1,2019,38.78608,-120.2143,1680
DPR,B2,D1-S1-8,6,C9,79,0.44,18,NA,4.6,7,1,GP,NA,0.233759925,0,green toothpick,Drum Powerhouse Road,2018,39.22846,-120.81518,1020
LV3,B1,D2-S2-5,6,C9,80,0.36,6,NA,1.4,4,2,NA,NA,0.185501669,NA,NA,Lassen Volcanic 3,2018,40.4664,-121.52311,2440
LV3,B3,D1-S1-2,6,C9,81,0.75,11,NA,2,7,2,WP,NA,0.464633684,3,white toothpick,Lassen Volcanic 3,2018,40.4664,-121.52311,2440
SQ3,B2,D1-S1-9,6,C9,82,0.45,13,NA,1.5,4,2,NA,NA,0.507616181,NA,NA,Sequoia 3,2017,36.72109,-118.84933,2350
DPR,B2,D2-S2-5,6,C9,83,0.7,15,NA,5.5,8,0,GP,NA,0.941322108,0,green toothpick,Drum Powerhouse Road,2018,39.22846,-120.81518,1020
DPR,B2,D1-S2-6,6,C9,84,0.75,20,NA,3.2,6,2,GP,NA,0.180213924,0,green toothpick,Drum Powerhouse Road,2018,39.22846,-120.81518,1020
SQ3,B1,D2-S1-9,6,C9,85,0.29,15,NA,2.2,6,2,WP,NA,0.634189569,3,white toothpick,Sequoia 3,2017,36.72109,-118.84933,2350
LV3,B2,D2-S2-3,6,C9,86,0.7,12,NA,2.2,7,2,BP,NA,0.9436608,4,blue toothpick,Lassen Volcanic 3,2018,40.4664,-121.52311,2440
SQ3,B1,D2-S1-2,6,C9,87,0.73,19,NA,2.8,6,2,BP,NA,0.20315816,4,blue toothpick,Sequoia 3,2017,36.72109,-118.84933,2350
DPR,B2,D1-S2-2,6,C9,88,0.5,15,NA,4.1,6,1,WP,NA,0.860697141,3,white toothpick,Drum Powerhouse Road,2018,39.22846,-120.81518,1020
LV3,B2,D1-S1-4,6,C9,89,0.7,12,NA,2.9,7,0,BP,NA,0.942119191,4,blue toothpick,Lassen Volcanic 3,2018,40.4664,-121.52311,2440
LV3,B1,D2-S1-8,6,C9,90,0.36,11,NA,2.4,6,2,WP,NA,0.066225645,3,white toothpick,Lassen Volcanic 3,2018,40.4664,-121.52311,2440
LV3,B2,D1-S1-8,6,C9,91,0.51,10,NA,1.6,5,2,OS,NA,0.936852305,5,orange sword,Lassen Volcanic 3,2018,40.4664,-121.52311,2440
LV3,B2,D2-S1-5,6,C9,92,0.34,10,NA,1.7,7,2,BP,NA,0.325613693,4,blue toothpick,Lassen Volcanic 3,2018,40.4664,-121.52311,2440
LV3,B1,D1-S1-4,6,C9,93,0.35,8,NA,1.1,7,2,OP,NA,0.148746506,2,orange toothpick,Lassen Volcanic 3,2018,40.4664,-121.52311,2440
LV3,B1,D2-S2-1,6,C9,94,0.26,11,NA,1.6,6,2,OP,NA,0.740881166,2,orange toothpick,Lassen Volcanic 3,2018,40.4664,-121.52311,2440
LV3,B2,D2-S1-6,6,C9,95,0.4,11,NA,2,6,2,OP,NA,0.154141275,2,orange toothpick,Lassen Volcanic 3,2018,40.4664,-121.52311,2440
LV3,B1,D2-S2-7,6,C9,96,0.51,8,NA,1.5,6,2,OP,NA,0.7173555,2,orange toothpick,Lassen Volcanic 3,2018,40.4664,-121.52311,2440
SQ3,B3,D2-S1-1,6,C9,97,0.42,11,NA,1.1,4,2,WP,NA,0.986872929,3,white toothpick,Sequoia 3,2017,36.72109,-118.84933,2350
DPR,B1,D2-S2-4,6,C9,98,0.49,15,NA,2.6,6,2,OP,NA,0.586246225,2,orange toothpick,Drum Powerhouse Road,2018,39.22846,-120.81518,1020
SQ3,B3,D1-S2-6,6,C10,1,0.42,13,NA,1.4,7,2,WP,NA,0.161977437,3,white toothpick,Sequoia 3,2017,36.72109,-118.84933,2350
SQ3,B2,D1-S2-4,6,C10,2,0.32,8,NA,0.9,4,2,OS,NA,0.364228183,5,orange sword,Sequoia 3,2017,36.72109,-118.84933,2350
SQ3,B2,D2-S1-10,6,C10,3,0.46,11,NA,1.1,5,1,YP,NA,0.786853229,1,yellow toothpick,Sequoia 3,2017,36.72109,-118.84933,2350
WL1,B1,D1-S1-3,6,C10,4,0.36,9,NA,1.7,4,2,GP,NA,0.796373683,0,green toothpick,Wright's Lake 1,2019,38.78608,-120.2143,1680
DPR,B2,D1-S2-10,6,C10,5,0.33,14,NA,3.9,5,2,OP,NA,0.631672758,2,orange toothpick,Drum Powerhouse Road,2018,39.22846,-120.81518,1020
WL1,B1,D1-S1-9,6,C10,6,0.53,12,NA,2.1,5,2,GP,NA,0.092589211,0,green toothpick,Wright's Lake 1,2019,38.78608,-120.2143,1680
SQ3,B1,D2-S1-1,6,C10,7,0.24,7,NA,0.6,4,0,OP,NA,0.275945468,2,orange toothpick,Sequoia 3,2017,36.72109,-118.84933,2350
SQ3,B1,D2-S2-5,6,C10,8,0.34,14,NA,2.1,6,2,YP,NA,0.009233279,1,yellow toothpick,Sequoia 3,2017,36.72109,-118.84933,2350
LV3,B2,D1-S2-4,6,C10,9,0.34,11,NA,1.5,7,2,WP,NA,0.085328974,3,white toothpick,Lassen Volcanic 3,2018,40.4664,-121.52311,2440
LV3,B1,D2-S2-2,6,C10,10,0.27,9,NA,2.2,6,2,OP,NA,0.417552072,2,orange toothpick,Lassen Volcanic 3,2018,40.4664,-121.52311,2440
LV3,B2,D2-S2-2,6,C10,11,0.27,11,NA,2.9,6,2,OP,NA,0.567610032,2,orange toothpick,Lassen Volcanic 3,2018,40.4664,-121.52311,2440
LV3,B3,D1-S1-6,6,C10,12,0.38,11,NA,2.5,6,2,BP,NA,0.595580731,4,blue toothpick,Lassen Volcanic 3,2018,40.4664,-121.52311,2440
WL1,B1,D1-S1-7,6,C10,13,0.37,12,NA,2.4,5,2,GP,NA,0.678462586,0,green toothpick,Wright's Lake 1,2019,38.78608,-120.2143,1680
LV3,B1,D2-S2-8,6,C10,14,0.42,10,NA,1.5,6,2,OP,NA,0.011103442,2,orange toothpick,Lassen Volcanic 3,2018,40.4664,-121.52311,2440
LV3,B3,D1-S2-7,6,C10,15,0.54,12,NA,2.3,7,2,WP,NA,0.778718953,3,white toothpick,Lassen Volcanic 3,2018,40.4664,-121.52311,2440
SQ3,B1,D2-S1-10,6,C10,16,0.52,9,NA,0.9,5,2,WP,NA,0.413875079,3,white toothpick,Sequoia 3,2017,36.72109,-118.84933,2350
LV3,B3,D2-S1-5,6,C10,17,0.69,13,NA,2.2,6,2,WP,NA,0.668233156,3,white toothpick,Lassen Volcanic 3,2018,40.4664,-121.52311,2440
DPR,B1,D2-S1-10,6,C10,18,0.51,15,NA,3.6,5,2,OS,NA,0.004458363,5,orange sword,Drum Powerhouse Road,2018,39.22846,-120.81518,1020
WL1,B1,D2-S2-1,6,C10,19,0.31,12,NA,2.1,5,2,YP,NA,0.351857357,1,yellow toothpick,Wright's Lake 1,2019,38.78608,-120.2143,1680
SQ3,B3,D1-S2-8,6,C10,20,0.17,11,NA,1.6,5,1,OP,NA,0.426266896,2,orange toothpick,Sequoia 3,2017,36.72109,-118.84933,2350
WL1,B1,D1-S1-6,6,C10,21,0.32,8,NA,1.2,4,2,OP,NA,0.550084552,2,orange toothpick,Wright's Lake 1,2019,38.78608,-120.2143,1680
DPR,B1,D1-S2-10,6,C10,22,0.49,14,NA,3.4,6,2,GP,NA,0.898064834,0,green toothpick,Drum Powerhouse Road,2018,39.22846,-120.81518,1020
LV3,B2,D1-S2-10,6,C10,23,0.36,8,NA,1,5,2,OS,NA,0.447424092,5,orange sword,Lassen Volcanic 3,2018,40.4664,-121.52311,2440
WL1,B1,D1-S2-6,6,C10,24,0.24,10,NA,1.7,5,2,WP,NA,0.824191682,3,white toothpick,Wright's Lake 1,2019,38.78608,-120.2143,1680
LV3,B2,D2-S2-4,6,C10,25,0.24,11,NA,2.1,6,2,WP,NA,0.911829704,3,white toothpick,Lassen Volcanic 3,2018,40.4664,-121.52311,2440
DPR,B1,D1-S2-6,6,C10,26,0.28,13,NA,4.1,5,2,OS,NA,0.446750776,5,orange sword,Drum Powerhouse Road,2018,39.22846,-120.81518,1020
WL1,B1,D1-S2-10,6,C10,28,0.21,8,NA,1.1,4,2,BP,NA,0.233522025,4,blue toothpick,Wright's Lake 1,2019,38.78608,-120.2143,1680
DPR,B1,D2-S2-5,6,C10,29,0.6,14,NA,3.1,6,2,GP,NA,0.176848083,0,green toothpick,Drum Powerhouse Road,2018,39.22846,-120.81518,1020
SQ3,B3,D1-S2-9,6,C10,30,0.33,15,NA,0.9,6,1,OP,NA,0.046305003,2,orange toothpick,Sequoia 3,2017,36.72109,-118.84933,2350
DPR,B2,D2-S1-9,6,C10,31,0.32,10,NA,3,6,1,GP,NA,0.476238463,0,green toothpick,Drum Powerhouse Road,2018,39.22846,-120.81518,1020
LV3,B1,D2-S2-4,6,C10,32,0.44,10,NA,2.2,6,2,OP,NA,0.375073824,2,orange toothpick,Lassen Volcanic 3,2018,40.4664,-121.52311,2440
LV3,B2,D1-S1-2,6,C10,33,0.28,10,NA,2,5,2,WP,NA,0.846146985,3,white toothpick,Lassen Volcanic 3,2018,40.4664,-121.52311,2440
LV3,B1,D1-S1-8,6,C10,34,0.48,11,NA,2.2,6,2,WP,NA,0.448761737,3,white toothpick,Lassen Volcanic 3,2018,40.4664,-121.52311,2440
SQ3,B3,D1-S1-4,6,C10,35,0.2,10,NA,1.2,5,0,GP,NA,0.763310342,0,green toothpick,Sequoia 3,2017,36.72109,-118.84933,2350
SQ3,B1,D2-S1-6,6,C10,36,0.52,14,NA,1.5,5,2,OP,NA,0.2256748,2,orange toothpick,Sequoia 3,2017,36.72109,-118.84933,2350
SQ3,B3,D2-S2-4,6,C10,37,0.54,12,NA,1,5,2,PS,NA,0.205869962,8,pink sword,Sequoia 3,2017,36.72109,-118.84933,2350
DPR,B1,D2-S1-2,6,C10,38,0.58,13,NA,3.8,6,0,OP,NA,0.234024371,2,orange toothpick,Drum Powerhouse Road,2018,39.22846,-120.81518,1020
DPR,B2,D2-S1-2,6,C10,39,0.18,12,NA,3.5,5,2,BS,NA,0.416453504,6,blue sword,Drum Powerhouse Road,2018,39.22846,-120.81518,1020
DPR,B1,D1-S2-2,6,C10,40,0.39,12,NA,4.5,6,2,GP,NA,0.995539038,0,green toothpick,Drum Powerhouse Road,2018,39.22846,-120.81518,1020
SQ3,B2,D2-S1-4,6,C10,41,0.29,9,NA,0.9,4,2,BP,NA,0.35942166,4,blue toothpick,Sequoia 3,2017,36.72109,-118.84933,2350
SQ3,B2,D2-S1-1,6,C10,42,0.17,9,NA,1.6,5,2,OS,NA,0.628903615,5,orange sword,Sequoia 3,2017,36.72109,-118.84933,2350
LV3,B3,D2-S1-3,6,C10,43,0.57,12,NA,1.9,7,2,WP,NA,0.747436409,3,white toothpick,Lassen Volcanic 3,2018,40.4664,-121.52311,2440
LV3,B2,D1-S2-2,6,C10,44,0.39,13,NA,3,7,2,WP,NA,0.693160889,3,white toothpick,Lassen Volcanic 3,2018,40.4664,-121.52311,2440
DPR,B2,D2-S2-9,6,C10,45,0.36,11,NA,3,6,0,GP,NA,0.116895475,0,green toothpick,Drum Powerhouse Road,2018,39.22846,-120.81518,1020
LV3,B3,D1-S2-4,6,C10,46,0.36,9,NA,2.1,5,2,OS,NA,0.191228081,5,orange sword,Lassen Volcanic 3,2018,40.4664,-121.52311,2440
DPR,B2,D2-S2-3,6,C10,47,0.28,10,NA,2.6,5,0,GP,NA,0.568914963,0,green toothpick,Drum Powerhouse Road,2018,39.22846,-120.81518,1020
LV3,B1,D1-S2-7,6,C10,48,0.44,8,NA,1.7,6,2,OS,NA,0.465733797,5,orange sword,Lassen Volcanic 3,2018,40.4664,-121.52311,2440
SQ3,B3,D1-S2-1,6,C10,49,0.22,10,NA,1.1,6,2,OS,NA,0.834279197,5,orange sword,Sequoia 3,2017,36.72109,-118.84933,2350
DPR,B1,D1-S1-10,6,C10,50,0.79,17,NA,5.7,7,2,GP,NA,0.890368887,0,green toothpick,Drum Powerhouse Road,2018,39.22846,-120.81518,1020
SQ3,B1,D1-S2-9,6,C10,51,0.29,15,NA,1.3,6,2,OP,NA,0.148769392,2,orange toothpick,Sequoia 3,2017,36.72109,-118.84933,2350
WL1,B1,D1-S2-2,6,C10,52,0.32,15,NA,2.5,5,2,YP,NA,0.572051958,1,yellow toothpick,Wright's Lake 1,2019,38.78608,-120.2143,1680
WL1,B2,D1-S2-2,6,C10,53,0.33,16,NA,2.1,6,2,GP,NA,0.45109922,0,green toothpick,Wright's Lake 1,2019,38.78608,-120.2143,1680
SQ3,B3,D2-S2-2,6,C10,54,0.55,13,NA,1,7,2,OS,NA,0.664792442,5,orange sword,Sequoia 3,2017,36.72109,-118.84933,2350
LV3,B3,D2-S2-4,6,C10,55,0.48,12,NA,2.1,7,2,OP,NA,0.892848695,2,orange toothpick,Lassen Volcanic 3,2018,40.4664,-121.52311,2440
DPR,B1,D2-S1-8,6,C10,56,0.67,16,NA,3.6,6,2,GP,NA,0.828738461,0,green toothpick,Drum Powerhouse Road,2018,39.22846,-120.81518,1020
DPR,B1,D2-S2-2,6,C10,57,0.77,16,NA,3.8,7,0,OP,NA,0.450821964,2,orange toothpick,Drum Powerhouse Road,2018,39.22846,-120.81518,1020
SQ3,B3,D2-S1-3,6,C10,58,0.22,8,NA,1.3,4,2,NA,NA,0.396109066,NA,NA,Sequoia 3,2017,36.72109,-118.84933,2350
DPR,B2,D1-S1-2,6,C10,59,0.49,17,NA,4,6,2,GP,NA,0.374296301,0,green toothpick,Drum Powerhouse Road,2018,39.22846,-120.81518,1020
DPR,B1,D2-S2-9,6,C10,60,0.54,15,NA,4.2,6,2,GP,NA,0.096038251,0,green toothpick,Drum Powerhouse Road,2018,39.22846,-120.81518,1020
WL1,B2,D2-S1-3,6,C10,61,0.52,16,NA,2.8,6,2,OP,NA,0.724891691,2,orange toothpick,Wright's Lake 1,2019,38.78608,-120.2143,1680
SQ3,B2,D2-S1-2,6,C10,62,0.44,12,NA,1,5,2,RS,NA,0.336841737,7,red sword,Sequoia 3,2017,36.72109,-118.84933,2350
LV3,B2,D2-S2-5,6,C10,63,0.41,11,NA,1.9,8,2,WP,NA,0.359614684,3,white toothpick,Lassen Volcanic 3,2018,40.4664,-121.52311,2440
SQ3,B1,D1-S2-5,6,C10,64,0.3,11,NA,1.7,7,2,OP,NA,0.188529185,2,orange toothpick,Sequoia 3,2017,36.72109,-118.84933,2350
DPR,B1,D2-S2-10,6,C10,65,0.6,19,NA,4.2,6,2,OP,NA,0.519279298,2,orange toothpick,Drum Powerhouse Road,2018,39.22846,-120.81518,1020
DPR,B2,D1-S2-3,6,C10,66,0.28,20,NA,3.1,6,0,GP,NA,0.629279729,0,green toothpick,Drum Powerhouse Road,2018,39.22846,-120.81518,1020
DPR,B2,D1-S1-9,6,C10,67,0.39,20,NA,4.4,6,2,GP,NA,0.720623314,0,green toothpick,Drum Powerhouse Road,2018,39.22846,-120.81518,1020
LV3,B3,D2-S1-1,6,C10,68,0.47,13,NA,1.9,7,2,OP,NA,0.498308095,2,orange toothpick,Lassen Volcanic 3,2018,40.4664,-121.52311,2440
DPR,B1,D2-S2-7,6,C10,69,0.43,20,NA,2.5,7,2,YP,NA,0.22016362,1,yellow toothpick,Drum Powerhouse Road,2018,39.22846,-120.81518,1020
DPR,B1,D2-S1-1,6,C10,70,0.45,21,NA,5.2,7,1,GP,NA,0.421205426,0,green toothpick,Drum Powerhouse Road,2018,39.22846,-120.81518,1020
DPR,B2,D2-S2-2,6,C10,71,0.52,15,NA,4.1,7,0,GP,NA,0.930429337,0,green toothpick,Drum Powerhouse Road,2018,39.22846,-120.81518,1020
SQ3,B1,D1-S2-4,6,C10,72,0.35,11,NA,1.5,7,2,OP,NA,0.619629511,2,orange toothpick,Sequoia 3,2017,36.72109,-118.84933,2350
DPR,B2,D2-S2-1,6,C10,73,0.11,12,NA,3.9,4,2,GP,NA,0.558253068,0,green toothpick,Drum Powerhouse Road,2018,39.22846,-120.81518,1020
WL1,B2,D1-S1-9,6,C10,74,0.23,13,NA,1.7,4,2,OS,NA,0.627924212,5,orange sword,Wright's Lake 1,2019,38.78608,-120.2143,1680
DPR,B2,D2-S1-10,6,C10,75,0.46,18,NA,4,6,2,GP,NA,0.926981793,0,green toothpick,Drum Powerhouse Road,2018,39.22846,-120.81518,1020
LV3,B2,D1-S1-3,6,C10,76,0.61,12,NA,2.3,7,2,WP,NA,0.426702895,3,white toothpick,Lassen Volcanic 3,2018,40.4664,-121.52311,2440
SQ3,B3,D2-S1-7,6,C10,77,0.63,20,NA,3.1,9,1,WP,NA,0.670385461,3,white toothpick,Sequoia 3,2017,36.72109,-118.84933,2350
SQ3,B1,D2-S2-10,6,C10,78,0.21,6,NA,0.4,4,2,NA,NA,0.357230269,NA,NA,Sequoia 3,2017,36.72109,-118.84933,2350
SQ3,B3,D1-S1-3,6,C10,79,0.36,14,NA,2.5,11,2,OP,NA,0.771432128,2,orange toothpick,Sequoia 3,2017,36.72109,-118.84933,2350
SQ3,B3,D1-S1-10,6,C10,80,0.52,12,NA,1.8,6,1,OP,NA,0.27929043,2,orange toothpick,Sequoia 3,2017,36.72109,-118.84933,2350
SQ3,B2,D2-S1-8,6,C10,81,0.34,15,NA,1.9,7,2,NA,NA,0.27628737,NA,NA,Sequoia 3,2017,36.72109,-118.84933,2350
LV3,B2,D2-S1-2,6,C10,82,0.55,15,NA,2.6,9,2,OP,NA,0.644512929,2,orange toothpick,Lassen Volcanic 3,2018,40.4664,-121.52311,2440
LV3,B3,D2-S1-8,6,C10,83,0.69,11,NA,1.9,7,2,WP,NA,0.470669786,3,white toothpick,Lassen Volcanic 3,2018,40.4664,-121.52311,2440
SQ3,B3,D1-S2-4,6,C10,84,0.76,12,NA,1.2,7,0,BP,NA,0.69116158,4,blue toothpick,Sequoia 3,2017,36.72109,-118.84933,2350
DPR,B2,D2-S2-4,6,C10,85,0.66,13,NA,4.6,7,0,GP,NA,0.570394692,0,green toothpick,Drum Powerhouse Road,2018,39.22846,-120.81518,1020
DPR,B1,D2-S1-7,6,C10,86,0.33,13,NA,3,6,0,GP,NA,0.912881229,0,green toothpick,Drum Powerhouse Road,2018,39.22846,-120.81518,1020
DPR,B2,D2-S2-6,6,C10,87,0.58,15,NA,6.1,5,2,GP,NA,0.965827141,0,green toothpick,Drum Powerhouse Road,2018,39.22846,-120.81518,1020
WL1,B1,D1-S1-8,6,C10,88,0.5,13,NA,3.3,5,2,GP,NA,0.982010675,0,green toothpick,Wright's Lake 1,2019,38.78608,-120.2143,1680
SQ3,B1,D2-S1-8,6,C10,89,0.39,22,NA,3.2,6,2,BP,NA,0.474810044,4,blue toothpick,Sequoia 3,2017,36.72109,-118.84933,2350
SQ3,B1,D2-S2-7,6,C10,90,0.45,8,NA,0.7,4,2,BP,NA,0.847415948,4,blue toothpick,Sequoia 3,2017,36.72109,-118.84933,2350
SQ3,B2,D1-S2-3,6,C10,91,0.43,10,NA,0.9,6,0,BP,NA,0.757242336,4,blue toothpick,Sequoia 3,2017,36.72109,-118.84933,2350
LV3,B1,D1-S2-6,6,C10,92,0.67,11,NA,2.1,7,2,BP,NA,0.118818538,4,blue toothpick,Lassen Volcanic 3,2018,40.4664,-121.52311,2440
WL1,B2,D1-S2-10,6,C10,93,0.49,16,NA,1.8,7,2,GP,NA,0.099074679,0,green toothpick,Wright's Lake 1,2019,38.78608,-120.2143,1680
LV3,B1,D2-S2-6,6,C10,94,0.39,8,NA,1.2,4,2,NA,NA,0.955347182,NA,NA,Lassen Volcanic 3,2018,40.4664,-121.52311,2440
SQ3,B3,D2-S1-8,6,C10,95,0.68,13,NA,1.9,6,1,BP,NA,0.565441947,4,blue toothpick,Sequoia 3,2017,36.72109,-118.84933,2350
SQ3,B1,D1-S2-6,6,C10,96,0.5,14,NA,1.7,6,1,WP,NA,0.815846156,3,white toothpick,Sequoia 3,2017,36.72109,-118.84933,2350
SQ3,B2,D1-S2-5,6,C10,97,0.38,14,NA,1.1,6,1,OS,NA,0.791212047,5,orange sword,Sequoia 3,2017,36.72109,-118.84933,2350
SQ3,B2,D1-S1-6,6,C11,1,0.44,5,NA,0.5,4,0,OP,NA,0.295548761,2,orange toothpick,Sequoia 3,2017,36.72109,-118.84933,2350
SQ3,B3,D1-S2-5,6,C11,2,0.55,9,NA,0.1,5,2,WP,NA,0.256791886,3,white toothpick,Sequoia 3,2017,36.72109,-118.84933,2350
SQ3,B1,D1-S1-9,6,C11,3,0.59,10,NA,1.3,5,2,WP,NA,0.833891281,3,white toothpick,Sequoia 3,2017,36.72109,-118.84933,2350
SQ3,B2,D1-S1-1,6,C11,4,0.56,9,NA,0.9,4,1,RS,NA,0.446414688,7,red sword,Sequoia 3,2017,36.72109,-118.84933,2350
DPR,B1,D1-S2-5,6,C11,5,0.78,16,NA,4,5,2,GP,NA,0.714632928,0,green toothpick,Drum Powerhouse Road,2018,39.22846,-120.81518,1020
LV3,B1,D1-S2-3,6,C11,6,1.02,9,NA,1.6,6,2,OP,NA,0.330940169,2,orange toothpick,Lassen Volcanic 3,2018,40.4664,-121.52311,2440
WL1,B1,D2-S1-4,6,C11,7,0.82,10,NA,1.6,5,2,GP,NA,0.301758782,0,green toothpick,Wright's Lake 1,2019,38.78608,-120.2143,1680
DPR,B1,D1-S1-6,6,C11,8,0.89,11,NA,3.4,7,2,GP,NA,0.50299958,0,green toothpick,Drum Powerhouse Road,2018,39.22846,-120.81518,1020
LV3,B2,D2-S2-8,6,C11,9,0.8,9,NA,1.9,6,2,WP,NA,NA,3,white toothpick,Lassen Volcanic 3,2018,40.4664,-121.52311,2440
SQ3,B2,D1-S1-10,6,C11,10,0.58,8,NA,1.1,3,2,OP,NA,NA,2,orange toothpick,Sequoia 3,2017,36.72109,-118.84933,2350
SQ3,B1,D2-S1-3,6,C11,11,0.57,9,NA,1,4,2,BP,NA,NA,4,blue toothpick,Sequoia 3,2017,36.72109,-118.84933,2350
SQ3,B3,D1-S2-2,6,C11,12,0.98,11,NA,1.4,6,2,WP,NA,NA,3,white toothpick,Sequoia 3,2017,36.72109,-118.84933,2350
LV3,B2,D2-S1-9,6,C11,13,0.86,11,NA,1.7,6,2,BP,NA,NA,4,blue toothpick,Lassen Volcanic 3,2018,40.4664,-121.52311,2440
LV3,B1,D1-S2-10,6,C11,14,0.8,9,NA,1.6,6,2,GP,NA,NA,0,green toothpick,Lassen Volcanic 3,2018,40.4664,-121.52311,2440
SQ3,B1,D1-S1-5,6,C11,15,0.8,12,NA,1,5,2,OS,NA,NA,5,orange sword,Sequoia 3,2017,36.72109,-118.84933,2350
LV3,B2,D1-S1-10,6,C11,16,0.85,11,NA,2.5,6,2,BP,NA,NA,4,blue toothpick,Lassen Volcanic 3,2018,40.4664,-121.52311,2440
SQ3,B3,D1-S2-7,6,C11,17,0.85,11,NA,1.3,5,2,WP,NA,NA,3,white toothpick,Sequoia 3,2017,36.72109,-118.84933,2350
SQ3,B2,D1-S1-5,6,C11,18,0.6,7,NA,0.4,5,0,OS,NA,NA,5,orange sword,Sequoia 3,2017,36.72109,-118.84933,2350
SQ3,B1,D1-S1-2,6,C11,19,0.73,12,NA,2.1,5,2,OP,NA,NA,2,orange toothpick,Sequoia 3,2017,36.72109,-118.84933,2350
SQ3,B1,D1-S2-3,6,C11,20,0.67,13,NA,1.7,5,2,OP,NA,NA,2,orange toothpick,Sequoia 3,2017,36.72109,-118.84933,2350
LV3,B1,D1-S1-7,6,C11,21,0.81,11,NA,1.7,6,2,OP,NA,0.323709362,2,orange toothpick,Lassen Volcanic 3,2018,40.4664,-121.52311,2440
SQ3,B2,D2-S1-3,6,C11,22,0.73,12,NA,1.7,6,1,BP,NA,0.350398748,4,blue toothpick,Sequoia 3,2017,36.72109,-118.84933,2350
SQ3,B1,D1-S1-4,6,C11,23,0.81,11,NA,1.8,5,2,WP,NA,0.238311361,3,white toothpick,Sequoia 3,2017,36.72109,-118.84933,2350
WL1,B1,D2-S2-3,6,C11,24,0.95,9,NA,1.6,9,2,GP,NA,0.686261925,0,green toothpick,Wright's Lake 1,2019,38.78608,-120.2143,1680
WL1,B2,D1-S2-1,6,C11,25,0.92,13,NA,2.1,5,2,GP,NA,0.166438682,0,green toothpick,Wright's Lake 1,2019,38.78608,-120.2143,1680
SQ3,B2,D1-S1-4,6,C11,26,0.44,5,NA,0.4,4,2,RS,NA,0.042146863,7,red sword,Sequoia 3,2017,36.72109,-118.84933,2350
SQ3,B3,D1-S2-10,6,C11,27,0.91,11,NA,1.9,6,2,OP,NA,0.45536884,2,orange toothpick,Sequoia 3,2017,36.72109,-118.84933,2350
LV3,B1,D1-S2-1,6,C11,28,1,12,NA,1.9,6,2,WP,NA,0.437578525,3,white toothpick,Lassen Volcanic 3,2018,40.4664,-121.52311,2440
DPR,B2,D1-S1-1,6,C11,29,0.86,14,NA,2.9,5,2,GP,NA,0.470140437,0,green toothpick,Drum Powerhouse Road,2018,39.22846,-120.81518,1020
SQ3,B1,D1-S2-8,6,C11,30,0.9,13,NA,1.8,6,0,OS,NA,0.618717291,5,orange sword,Sequoia 3,2017,36.72109,-118.84933,2350
WL1,B2,D1-S2-5,6,C11,31,0.79,16,NA,1.7,5,2,GP,NA,0.879014164,0,green toothpick,Wright's Lake 1,2019,38.78608,-120.2143,1680
LV3,B1,D2-S2-3,6,C11,32,0.89,11,NA,1.7,6,1,OP,NA,0.302098525,2,orange toothpick,Lassen Volcanic 3,2018,40.4664,-121.52311,2440
LV3,B1,D1-S1-2,6,C11,33,0.88,9,NA,1,6,2,YP,NA,0.370592205,1,yellow toothpick,Lassen Volcanic 3,2018,40.4664,-121.52311,2440
DPR,B1,D1-S2-1,6,C11,34,0.93,16,NA,4.1,6,0,OP,NA,0.795661786,2,orange toothpick,Drum Powerhouse Road,2018,39.22846,-120.81518,1020
SQ3,B1,D1-S1-6,6,C11,35,0.64,11,NA,1.3,5,2,BS,NA,0.784504347,6,blue sword,Sequoia 3,2017,36.72109,-118.84933,2350
LV3,B3,D2-S1-2,6,C11,36,0.96,12,NA,2,6,0,BS,NA,0.96424926,6,blue sword,Lassen Volcanic 3,2018,40.4664,-121.52311,2440
LV3,B2,D2-S1-8,6,C11,37,0.83,13,NA,2.1,6,2,YP,NA,0.297745748,1,yellow toothpick,Lassen Volcanic 3,2018,40.4664,-121.52311,2440
SQ3,B2,D1-S1-2,6,C11,38,0.85,13,NA,1.4,4,2,OS,NA,0.359019665,5,orange sword,Sequoia 3,2017,36.72109,-118.84933,2350
SQ3,B3,D1-S1-5,6,C11,39,0.64,8,NA,1.2,6,2,BP,NA,0.637050124,4,blue toothpick,Sequoia 3,2017,36.72109,-118.84933,2350
DPR,B1,D1-S2-7,6,C11,40,0.9,15,NA,3.6,6,2,GP,NA,0.546499846,0,green toothpick,Drum Powerhouse Road,2018,39.22846,-120.81518,1020
DPR,B2,D2-S2-8,6,C11,41,0.84,13,NA,4.5,5,2,NA,NA,0.169527507,NA,NA,Drum Powerhouse Road,2018,39.22846,-120.81518,1020
LV3,B2,D1-S1-9,6,C11,42,1.21,12,NA,2.2,8,1,WP,NA,0.712992362,3,white toothpick,Lassen Volcanic 3,2018,40.4664,-121.52311,2440
LV3,B1,D2-S1-4,6,C11,43,1,12,NA,2.1,7,0,OP,NA,0.333302272,2,orange toothpick,Lassen Volcanic 3,2018,40.4664,-121.52311,2440
WL1,B2,D1-S1-7,6,C11,44,0.8,12,NA,1.6,5,0,YP,NA,0.09980198,1,yellow toothpick,Wright's Lake 1,2019,38.78608,-120.2143,1680
LV3,B1,D1-S2-2,6,C11,45,0.81,13,NA,1.7,6,2,OP,NA,0.347721023,2,orange toothpick,Lassen Volcanic 3,2018,40.4664,-121.52311,2440
SQ3,B3,D2-S1-2,6,C11,46,0.77,7,NA,1.8,6,0,WP,NA,0.365243665,3,white toothpick,Sequoia 3,2017,36.72109,-118.84933,2350
LV3,B1,D1-S1-9,6,C11,47,0.78,14,NA,1.8,6,2,OP,NA,0.277735034,2,orange toothpick,Lassen Volcanic 3,2018,40.4664,-121.52311,2440
DPR,B2,D2-S1-4,6,C11,48,0.55,14,NA,2.9,5,2,GP,NA,0.032017906,0,green toothpick,Drum Powerhouse Road,2018,39.22846,-120.81518,1020
WL1,B1,D2-S1-9,6,C11,49,0.79,12,NA,2.5,5,2,GP,NA,0.737638683,0,green toothpick,Wright's Lake 1,2019,38.78608,-120.2143,1680
SQ3,B3,D1-S1-2,6,C11,50,0.65,9,NA,1.2,5,2,BP,NA,0.092909831,4,blue toothpick,Sequoia 3,2017,36.72109,-118.84933,2350
DPR,B2,D1-S1-10,6,C11,51,0.91,19,NA,3.2,6,2,GP,NA,0.369090078,0,green toothpick,Drum Powerhouse Road,2018,39.22846,-120.81518,1020
WL1,B2,D2-S2-9,6,C11,52,0.72,10,NA,1.2,5,2,GP,NA,0.277186003,0,green toothpick,Wright's Lake 1,2019,38.78608,-120.2143,1680
WL1,B2,D1-S1-3,6,C11,53,0.45,7,NA,1,4,2,WS,NA,0.384838021,10,white sword,Wright's Lake 1,2019,38.78608,-120.2143,1680
DPR,B2,D1-S2-8,6,C11,54,0.61,17,NA,2.3,4,2,YP,NA,0.208467665,1,yellow toothpick,Drum Powerhouse Road,2018,39.22846,-120.81518,1020
WL1,B1,D1-S1-2,6,C11,55,0.63,7,NA,1.1,4,2,GP,NA,0.533492372,0,green toothpick,Wright's Lake 1,2019,38.78608,-120.2143,1680
DPR,B1,D1-S1-8,6,C11,56,0.79,17,NA,5.3,6,2,GP,NA,0.195531796,0,green toothpick,Drum Powerhouse Road,2018,39.22846,-120.81518,1020
SQ3,B3,D2-S2-10,6,C11,57,0.55,10,NA,1.2,5,2,PS,NA,NA,8,pink sword,Sequoia 3,2017,36.72109,-118.84933,2350
LV3,B2,D2-S2-6,6,C11,58,0.88,13,NA,2.1,7,2,OS,NA,0.073716687,5,orange sword,Lassen Volcanic 3,2018,40.4664,-121.52311,2440
LV3,B3,D1-S2-3,6,C11,59,0.9,13,NA,2.2,7,2,OP,NA,0.182714008,2,orange toothpick,Lassen Volcanic 3,2018,40.4664,-121.52311,2440
LV3,B1,D1-S2-4,6,C11,60,0.48,9,NA,2,5,2,YP,NA,0.213089481,1,yellow toothpick,Lassen Volcanic 3,2018,40.4664,-121.52311,2440
LV3,B1,D1-S1-5,6,C11,61,0.82,10,NA,1.4,6,2,BP,NA,0.400233602,4,blue toothpick,Lassen Volcanic 3,2018,40.4664,-121.52311,2440
SQ3,B2,D1-S1-7,6,C11,62,0.62,6,NA,0.5,4,2,OP,NA,0.126448825,2,orange toothpick,Sequoia 3,2017,36.72109,-118.84933,2350
WL1,B2,D2-S2-10,6,C11,63,0.89,19,NA,5.1,6,2,GP,NA,0.086670603,0,green toothpick,Wright's Lake 1,2019,38.78608,-120.2143,1680
SQ3,B3,D2-S1-4,6,C11,64,0.76,15,NA,1.2,6,2,GP,NA,0.164774504,0,green toothpick,Sequoia 3,2017,36.72109,-118.84933,2350
LV3,B1,D1-S1-1,6,C11,65,0.86,11,NA,1.8,8,2,BP,NA,0.470561487,4,blue toothpick,Lassen Volcanic 3,2018,40.4664,-121.52311,2440
DPR,B2,D2-S1-6,6,C11,66,0.6,14,NA,2.9,6,2,YP,NA,0.544161761,1,yellow toothpick,Drum Powerhouse Road,2018,39.22846,-120.81518,1020
LV3,B1,D2-S1-1,6,C11,67,0.74,10,NA,1.2,5,2,WP,NA,0.359585024,3,white toothpick,Lassen Volcanic 3,2018,40.4664,-121.52311,2440
DPR,B2,D2-S1-8,6,C11,68,0.53,15,NA,3.5,4,2,GP,NA,0.351163404,0,green toothpick,Drum Powerhouse Road,2018,39.22846,-120.81518,1020
LV3,B3,D1-S1-1,6,C11,69,0.9,12,NA,2.1,5,2,OP,NA,0.894008796,2,orange toothpick,Lassen Volcanic 3,2018,40.4664,-121.52311,2440
DPR,B1,D1-S1-4,6,C11,70,0.79,14,NA,3.2,5,0,GP,NA,0.809809266,0,green toothpick,Drum Powerhouse Road,2018,39.22846,-120.81518,1020
DPR,B2,D1-S1-3,6,C11,71,0.79,16,NA,3.2,5,2,GP,NA,0.486689847,0,green toothpick,Drum Powerhouse Road,2018,39.22846,-120.81518,1020
LV3,B3,D1-S1-3,6,C11,72,0.96,12,NA,2.2,6,2,BP,NA,0.193069273,4,blue toothpick,Lassen Volcanic 3,2018,40.4664,-121.52311,2440
DPR,B1,D1-S1-7,6,C11,73,0.68,10,NA,3.2,5,2,GP,NA,0.31514296,0,green toothpick,Drum Powerhouse Road,2018,39.22846,-120.81518,1020
WL1,B1,D2-S2-4,6,C11,74,0.85,14,NA,1.8,5,2,YP,NA,0.162273096,1,yellow toothpick,Wright's Lake 1,2019,38.78608,-120.2143,1680
SQ3,B3,D2-S2-8,6,C11,75,0.68,9,NA,1.8,4,2,RS,NA,0.455457824,7,red sword,Sequoia 3,2017,36.72109,-118.84933,2350
SQ3,B1,D1-S1-7,6,C11,76,0.67,12,NA,2.2,6,1,BP,NA,0.59933726,4,blue toothpick,Sequoia 3,2017,36.72109,-118.84933,2350
WL1,B1,D2-S1-8,6,C11,77,0.57,10,NA,2.2,5,2,GP,NA,0.937895975,0,green toothpick,Wright's Lake 1,2019,38.78608,-120.2143,1680
SQ3,B3,D2-S1-10,6,C11,78,0.74,12,NA,1.3,6,2,BS,NA,0.415187453,6,blue sword,Sequoia 3,2017,36.72109,-118.84933,2350
LV3,B2,D1-S2-7,6,C11,79,0.86,10,NA,2.1,6,1,BS,NA,0.131489272,6,blue sword,Lassen Volcanic 3,2018,40.4664,-121.52311,2440
LV3,B2,D1-S1-7,6,C11,80,0.91,13,NA,1.4,5,2,YS,NA,0.194913549,9,yellow sword,Lassen Volcanic 3,2018,40.4664,-121.52311,2440
LV3,B3,D2-S1-7,6,C11,81,0.95,8,NA,1.7,5,2,OS,NA,0.278627846,5,orange sword,Lassen Volcanic 3,2018,40.4664,-121.52311,2440
LV3,B2,D1-S2-5,6,C11,83,1.17,12,NA,2.1,7,2,BS,NA,0.32002819,6,blue sword,Lassen Volcanic 3,2018,40.4664,-121.52311,2440
DPR,B1,D1-S1-9,6,C11,84,0.8,15,NA,5.4,6,2,GP,NA,0.544037329,0,green toothpick,Drum Powerhouse Road,2018,39.22846,-120.81518,1020
DPR,B2,D2-S1-1,6,C11,85,0.72,14,NA,2,5,2,GP,NA,0.319870433,0,green toothpick,Drum Powerhouse Road,2018,39.22846,-120.81518,1020
LV3,B3,D2-S2-5,6,C11,86,0.9,13,NA,1.5,7,2,OP,NA,0.294954438,2,orange toothpick,Lassen Volcanic 3,2018,40.4664,-121.52311,2440
WL1,B2,D1-S2-3,6,C11,87,0.81,14,NA,2.1,8,2,YP,NA,0.889445133,1,yellow toothpick,Wright's Lake 1,2019,38.78608,-120.2143,1680
LV3,B2,D1-S2-9,6,C11,88,0.76,10,NA,2,7,2,BP,NA,0.397570379,4,blue toothpick,Lassen Volcanic 3,2018,40.4664,-121.52311,2440
LV3,B1,D2-S2-9,6,C11,89,0.77,12,NA,1.9,6,2,WP,NA,0.299764993,3,white toothpick,Lassen Volcanic 3,2018,40.4664,-121.52311,2440
LV3,B2,D2-S1-7,6,C11,90,0.87,12,NA,1.9,7,2,BP,NA,0.884104723,4,blue toothpick,Lassen Volcanic 3,2018,40.4664,-121.52311,2440
DPR,B2,D1-S2-1,6,C11,91,1,17,NA,4.5,5,2,GP,NA,0.996236018,0,green toothpick,Drum Powerhouse Road,2018,39.22846,-120.81518,1020
WL1,B1,D1-S2-9,6,C11,92,0.84,14,NA,1.6,6,2,YP,NA,0.793735481,1,yellow toothpick,Wright's Lake 1,2019,38.78608,-120.2143,1680
WL1,B2,D1-S2-6,6,C11,93,0.65,15,NA,1.9,5,2,OP,NA,0.324321689,2,orange toothpick,Wright's Lake 1,2019,38.78608,-120.2143,1680
LV3,B2,D1-S1-5,6,C11,94,0.92,13,NA,2.2,6,2,WP,NA,0.697357749,3,white toothpick,Lassen Volcanic 3,2018,40.4664,-121.52311,2440
DPR,B1,D2-S1-4,6,C11,95,0.95,13,NA,2.9,5,1,WP,NA,0.509675721,3,white toothpick,Drum Powerhouse Road,2018,39.22846,-120.81518,1020
WL1,B1,D1-S1-5,6,C11,96,0.66,9,NA,1.5,4,2,GP,NA,0.52580236,0,green toothpick,Wright's Lake 1,2019,38.78608,-120.2143,1680
SQ3,B1,D1-S2-2,6,C11,97,0.87,15,NA,1.5,5,2,BP,NA,0.723745051,4,blue toothpick,Sequoia 3,2017,36.72109,-118.84933,2350
WL1,B1,D2-S1-7,6,C11,98,0.79,14,NA,3,5,2,GP,NA,0.607981803,0,green toothpick,Wright's Lake 1,2019,38.78608,-120.2143,1680
DPR,B2,D1-S1-4,6,C12,1,0.73,15,NA,4.4,5,2,GP,NA,0.688202534,0,green toothpick,Drum Powerhouse Road,2018,39.22846,-120.81518,1020
DPR,B1,D2-S2-6,6,C12,2,0.48,16,NA,3.5,6,2,GP,NA,0.199904133,0,green toothpick,Drum Powerhouse Road,2018,39.22846,-120.81518,1020
WL1,B2,D1-S2-7,6,C12,3,0.44,15,NA,2.6,5,2,GP,NA,0.061427375,0,green toothpick,Wright's Lake 1,2019,38.78608,-120.2143,1680
WL1,B1,D2-S1-6,6,C12,5,0.51,14,NA,3,5,2,GP,NA,0.272474324,0,green toothpick,Wright's Lake 1,2019,38.78608,-120.2143,1680
SQ3,B1,D1-S2-7,6,C12,6,0.28,12,NA,2.2,6,2,BP,NA,0.748369639,4,blue toothpick,Sequoia 3,2017,36.72109,-118.84933,2350
WL1,B1,D2-S2-5,6,C12,7,0.26,11,NA,1.5,6,2,GP,NA,0.500989581,0,green toothpick,Wright's Lake 1,2019,38.78608,-120.2143,1680
WL1,B1,D2-S1-2,6,C12,8,0.31,10,NA,1.7,4,2,GP,NA,0.633188044,0,green toothpick,Wright's Lake 1,2019,38.78608,-120.2143,1680
DPR,B2,D1-S1-5,6,C12,9,0.3,17,NA,3.5,6,2,GP,NA,0.762062001,0,green toothpick,Drum Powerhouse Road,2018,39.22846,-120.81518,1020
SQ3,B3,D2-S1-5,6,C12,10,0.42,16,NA,2,6,2,BP,NA,0.183830979,4,blue toothpick,Sequoia 3,2017,36.72109,-118.84933,2350
SQ3,B3,D2-S2-7,6,C12,11,0.24,9,NA,1.6,5,2,RS,NA,0.183197837,7,red sword,Sequoia 3,2017,36.72109,-118.84933,2350
LV3,B2,D1-S2-3,6,C12,12,0.38,9,NA,2.6,4,2,BP,NA,0.006008351,4,blue toothpick,Lassen Volcanic 3,2018,40.4664,-121.52311,2440
DPR,B2,D1-S1-6,6,C12,13,0.51,19,NA,4.3,6,2,RS,NA,0.463779553,7,red sword,Drum Powerhouse Road,2018,39.22846,-120.81518,1020
SQ3,B2,D1-S2-2,6,C12,14,0.77,16,NA,2.9,13,2,WP,NA,0.540574934,3,white toothpick,Sequoia 3,2017,36.72109,-118.84933,2350
SQ3,B3,D2-S2-5,6,C12,15,0.09,8,NA,1.1,5,1,YS,NA,0.344482179,9,yellow sword,Sequoia 3,2017,36.72109,-118.84933,2350
WL1,B1,D1-S2-3,6,C12,16,0.35,17,NA,2.5,7,2,YP,NA,0.091627301,1,yellow toothpick,Wright's Lake 1,2019,38.78608,-120.2143,1680
LV3,B3,D2-S1-4,6,C12,17,0.35,11,NA,2.9,6,2,BP,NA,0.87822063,4,blue toothpick,Lassen Volcanic 3,2018,40.4664,-121.52311,2440
LV3,B2,D2-S2-9,6,C12,18,0.56,13,NA,2.4,8,2,BP,NA,0.372779657,4,blue toothpick,Lassen Volcanic 3,2018,40.4664,-121.52311,2440
SQ3,B1,D1-S1-3,6,C12,19,0.29,11,NA,1.6,5,2,BP,NA,0.618886188,4,blue toothpick,Sequoia 3,2017,36.72109,-118.84933,2350
SQ3,B1,D2-S2-6,6,C12,20,0.2,8,NA,1,4,0,NA,NA,0.134061241,NA,NA,Sequoia 3,2017,36.72109,-118.84933,2350
LV3,B1,D2-S1-7,6,C12,21,0.43,10,NA,2.1,6,2,BP,NA,0.10348359,4,blue toothpick,Lassen Volcanic 3,2018,40.4664,-121.52311,2440
SQ3,B1,D2-S2-9,6,C12,22,0.45,13,NA,1.5,5,2,NA,NA,0.605490762,NA,NA,Sequoia 3,2017,36.72109,-118.84933,2350
SQ3,B1,D2-S2-3,6,C12,23,0.37,12,NA,1.7,6,2,NA,NA,0.498065974,NA,NA,Sequoia 3,2017,36.72109,-118.84933,2350
LV3,B3,D1-S2-6,6,C12,24,0.38,10,NA,2.5,7,2,GP,NA,0.76406756,0,green toothpick,Lassen Volcanic 3,2018,40.4664,-121.52311,2440
SQ3,B2,D1-S2-8,6,C12,25,0.27,9,NA,1.5,4,2,BP,NA,0.093777988,4,blue toothpick,Sequoia 3,2017,36.72109,-118.84933,2350
SQ3,B2,D1-S2-9,6,C12,26,0.32,13,NA,2,6,2,BS,NA,0.976906136,6,blue sword,Sequoia 3,2017,36.72109,-118.84933,2350
DPR,B2,D2-S2-7,6,C12,27,0.53,17,NA,4.5,5,2,GP,NA,0.798587804,0,green toothpick,Drum Powerhouse Road,2018,39.22846,-120.81518,1020
DPR,B1,D2-S1-6,6,C12,28,0.6,15,NA,4.9,7,1,YP,NA,0.559927259,1,yellow toothpick,Drum Powerhouse Road,2018,39.22846,-120.81518,1020
LV3,B1,D2-S1-5,6,C12,29,0.47,11,NA,1.9,6,2,BP,NA,0.227697134,4,blue toothpick,Lassen Volcanic 3,2018,40.4664,-121.52311,2440
WL1,B2,D2-S1-2,6,C12,30,0.23,16,NA,3.2,6,2,GP,NA,0.094138975,0,green toothpick,Wright's Lake 1,2019,38.78608,-120.2143,1680
LV3,B1,D2-S1-6,6,C12,31,0.76,12,NA,2.2,6,2,BP,NA,0.11798203,4,blue toothpick,Lassen Volcanic 3,2018,40.4664,-121.52311,2440
WL1,B2,D1-S1-2,6,C12,32,0.54,15,NA,2.5,4,1,OS,NA,0.003271303,5,orange sword,Wright's Lake 1,2019,38.78608,-120.2143,1680
SQ3,B2,D1-S1-3,6,C12,33,0.41,9,NA,1,4,2,NA,NA,0.497289761,NA,NA,Sequoia 3,2017,36.72109,-118.84933,2350
WL1,B1,D1-S2-1,6,C12,34,0.56,14,NA,2.3,5,2,OS,NA,0.31090186,5,orange sword,Wright's Lake 1,2019,38.78608,-120.2143,1680
WL1,B1,D1-S1-10,6,C12,35,0.71,12,NA,2,5,2,GP,NA,0.605861501,0,green toothpick,Wright's Lake 1,2019,38.78608,-120.2143,1680
LV3,B3,D2-S2-3,6,C12,36,0.81,14,NA,2.5,7,2,YP,NA,0.295743425,1,yellow toothpick,Lassen Volcanic 3,2018,40.4664,-121.52311,2440
SQ3,B2,D2-S1-5,6,C12,37,0.54,10,NA,1.5,4,2,WP,NA,0.626200787,3,white toothpick,Sequoia 3,2017,36.72109,-118.84933,2350
WL1,B2,D2-S2-2,6,C12,38,0.6,20,NA,2.2,6,2,GP,NA,0.973354199,0,green toothpick,Wright's Lake 1,2019,38.78608,-120.2143,1680
DPR,B2,D1-S2-5,6,C12,39,0.49,20,NA,5.1,5,2,GP,NA,0.631387155,0,green toothpick,Drum Powerhouse Road,2018,39.22846,-120.81518,1020
SQ3,B1,D1-S2-10,6,C12,40,0.26,10,NA,1,4,2,RS,NA,0.552708751,7,red sword,Sequoia 3,2017,36.72109,-118.84933,2350
LV3,B2,D1-S2-6,6,C12,41,0.43,8,NA,2.7,7,2,BP,NA,0.087476547,4,blue toothpick,Lassen Volcanic 3,2018,40.4664,-121.52311,2440
SQ3,B1,D2-S2-4,6,C12,42,0.46,11,NA,1.5,5,2,BP,NA,0.279012467,4,blue toothpick,Sequoia 3,2017,36.72109,-118.84933,2350
SQ3,B3,D2-S2-1,6,C12,43,0.31,11,NA,1.4,5,2,BS,NA,0.10868515,6,blue sword,Sequoia 3,2017,36.72109,-118.84933,2350
WL1,B2,D2-S1-4,6,C12,44,0.76,15,NA,2.4,5,2,BP,NA,0.703738303,4,blue toothpick,Wright's Lake 1,2019,38.78608,-120.2143,1680
LV3,B3,D1-S2-1,6,C12,45,0.38,10,NA,2,6,2,RS,NA,0.742397465,7,red sword,Lassen Volcanic 3,2018,40.4664,-121.52311,2440
WL1,B2,D1-S1-6,6,C12,46,0.36,12,NA,2.1,4,2,BP,NA,0.741669698,4,blue toothpick,Wright's Lake 1,2019,38.78608,-120.2143,1680
SQ3,B1,D1-S1-10,6,C12,47,0.37,13,NA,1.7,5,2,BP,NA,0.201249324,4,blue toothpick,Sequoia 3,2017,36.72109,-118.84933,2350
WL1,B2,D2-S2-5,6,C12,48,0.4,10,NA,1.9,5,2,GP,NA,0.65423264,0,green toothpick,Wright's Lake 1,2019,38.78608,-120.2143,1680
LV3,B3,D1-S1-7,6,C12,50,0.46,11,NA,2.2,6,2,BP,NA,0.963149923,4,blue toothpick,Lassen Volcanic 3,2018,40.4664,-121.52311,2440
SQ3,B2,D1-S2-7,6,C12,51,0.58,16,NA,2.1,6,2,GP,NA,0.807522966,0,green toothpick,Sequoia 3,2017,36.72109,-118.84933,2350
DPR,B2,D2-S2-10,6,C12,52,0.32,12,NA,3.4,4,2,GP,NA,0.291705469,0,green toothpick,Drum Powerhouse Road,2018,39.22846,-120.81518,1020
SQ3,B2,D1-S2-1,6,C12,53,0.45,17,NA,1.3,6,2,BS,NA,0.759546865,6,blue sword,Sequoia 3,2017,36.72109,-118.84933,2350
SQ3,B1,D2-S1-4,6,C12,54,0.41,10,NA,1.5,5,2,WP,NA,0.64373679,3,white toothpick,Sequoia 3,2017,36.72109,-118.84933,2350
WL1,B1,D1-S2-7,6,C12,55,0.52,15,NA,2.6,5,2,BP,NA,0.078053976,4,blue toothpick,Wright's Lake 1,2019,38.78608,-120.2143,1680
SQ3,B1,D2-S2-8,6,C12,56,0.28,9,NA,0.9,4,2,NA,NA,0.280256236,NA,NA,Sequoia 3,2017,36.72109,-118.84933,2350
DPR,B1,D2-S2-1,6,C12,57,0.52,17,NA,4.1,7,2,GP,NA,0.142280236,0,green toothpick,Drum Powerhouse Road,2018,39.22846,-120.81518,1020
WL1,B1,D1-S2-4,6,C12,58,0.65,17,NA,1.9,5,2,BP,NA,0.762104207,4,blue toothpick,Wright's Lake 1,2019,38.78608,-120.2143,1680
WL1,B2,D2-S2-3,6,C12,59,0.46,15,NA,2.4,6,2,BS,NA,NA,6,blue sword,Wright's Lake 1,2019,38.78608,-120.2143,1680
SQ3,B3,D2-S1-9,6,C12,60,0.47,18,NA,3.3,6,2,BP,NA,0.113335948,4,blue toothpick,Sequoia 3,2017,36.72109,-118.84933,2350
DPR,B2,D1-S2-9,6,C12,61,0.68,16,NA,3.4,5,2,GP,NA,0.580321231,0,green toothpick,Drum Powerhouse Road,2018,39.22846,-120.81518,1020
WL1,B1,D1-S1-4,6,C12,62,0.52,19,NA,2.5,5,2,GP,NA,0.604086638,0,green toothpick,Wright's Lake 1,2019,38.78608,-120.2143,1680
LV3,B1,D1-S2-5,6,C12,63,0.53,13,NA,2.4,7,2,GP,NA,0.437390134,0,green toothpick,Lassen Volcanic 3,2018,40.4664,-121.52311,2440
SQ3,B2,D1-S2-10,6,C12,64,0.5,7,NA,0.7,5,2,BP,NA,0.998267088,4,blue toothpick,Sequoia 3,2017,36.72109,-118.84933,2350
LV3,B1,D1-S1-6,6,C12,65,0.58,12,NA,1.2,6,2,BP,NA,0.377232733,4,blue toothpick,Lassen Volcanic 3,2018,40.4664,-121.52311,2440
LV3,B1,D2-S1-10,6,C12,66,0.44,10,NA,2.3,6,2,BS,NA,0.035177263,6,blue sword,Lassen Volcanic 3,2018,40.4664,-121.52311,2440
LV3,B2,D1-S2-1,6,C12,67,0.67,10,NA,2.6,6,2,BP,NA,0.781463059,4,blue toothpick,Lassen Volcanic 3,2018,40.4664,-121.52311,2440
DPR,B1,D1-S1-5,6,C12,68,0.66,17,NA,4.5,6,2,GP,NA,0.019204345,0,green toothpick,Drum Powerhouse Road,2018,39.22846,-120.81518,1020
DPR,B1,D1-S2-8,6,C12,69,0.54,18,NA,5.6,7,2,GP,NA,0.078151446,0,green toothpick,Drum Powerhouse Road,2018,39.22846,-120.81518,1020
DPR,B1,D2-S1-9,6,C12,70,0.5,9,NA,4,6,0,GP,NA,0.803283049,0,green toothpick,Drum Powerhouse Road,2018,39.22846,-120.81518,1020
LV3,B3,D1-S2-2,6,C12,71,0.42,15,NA,1.8,8,2,BP,NA,0.36903965,4,blue toothpick,Lassen Volcanic 3,2018,40.4664,-121.52311,2440
WL1,B1,D2-S1-5,6,C12,72,0.48,10,NA,1.7,4,2,YP,NA,0.15596506,1,yellow toothpick,Wright's Lake 1,2019,38.78608,-120.2143,1680
DPR,B1,D1-S1-2,6,C12,73,0.5,16,NA,6.5,6,2,GP,NA,0.426638585,0,green toothpick,Drum Powerhouse Road,2018,39.22846,-120.81518,1020
WL1,B2,D2-S1-1,6,C12,74,0.47,21,NA,3.2,6,2,GP,NA,0.75298225,0,green toothpick,Wright's Lake 1,2019,38.78608,-120.2143,1680
SQ3,B1,D1-S1-8,6,C12,75,0.35,10,NA,2.5,5,2,OS,NA,0.069485955,5,orange sword,Sequoia 3,2017,36.72109,-118.84933,2350
WL1,B2,D2-S2-4,6,C12,76,0.67,19,NA,2.2,6,2,YP,NA,0.941278213,1,yellow toothpick,Wright's Lake 1,2019,38.78608,-120.2143,1680
WL1,B2,D1-S2-8,6,C12,77,0.65,18,NA,2.4,6,2,BP,NA,0.420249268,4,blue toothpick,Wright's Lake 1,2019,38.78608,-120.2143,1680
DPR,B1,D1-S2-9,6,C12,78,0.22,15,NA,3.6,6,2,GP,NA,0.294826406,0,green toothpick,Drum Powerhouse Road,2018,39.22846,-120.81518,1020
SQ3,B2,D2-S2-2,6,C12,79,0.68,17,NA,1.9,5,2,NA,NA,0.654893851,NA,NA,Sequoia 3,2017,36.72109,-118.84933,2350
LV3,B2,D2-S1-1,6,C12,80,0.54,12,NA,2.1,6,2,GP,NA,0.831039436,0,green toothpick,Lassen Volcanic 3,2018,40.4664,-121.52311,2440
SQ3,B2,D1-S2-6,6,C12,81,0.52,9,NA,1,4,2,YP,NA,0.567022507,1,yellow toothpick,Sequoia 3,2017,36.72109,-118.84933,2350
WL1,B2,D2-S2-7,6,C12,82,0.34,16,NA,2,6,2,YP,NA,0.624958498,1,yellow toothpick,Wright's Lake 1,2019,38.78608,-120.2143,1680
WL1,B2,D2-S2-6,6,C12,83,0.34,18,NA,1.9,6,2,GP,NA,0.732504425,0,green toothpick,Wright's Lake 1,2019,38.78608,-120.2143,1680
WL1,B1,D1-S2-8,6,C12,84,0.36,18,NA,2.7,8,2,YP,NA,0.249272239,1,yellow toothpick,Wright's Lake 1,2019,38.78608,-120.2143,1680
SQ3,B3,D1-S1-7,6,C12,85,0.42,16,NA,1.5,7,1,BP,NA,0.857501256,4,blue toothpick,Sequoia 3,2017,36.72109,-118.84933,2350
SQ3,B3,D1-S1-9,6,C12,86,0.52,15,NA,1.8,5,1,BP,NA,0.126531968,4,blue toothpick,Sequoia 3,2017,36.72109,-118.84933,2350
SQ3,B1,D2-S2-1,6,C12,87,0.21,11,NA,1.1,5,2,BP,NA,0.869398983,4,blue toothpick,Sequoia 3,2017,36.72109,-118.84933,2350
LV3,B2,D2-S2-10,6,C12,88,0.47,11,NA,2,7,2,BP,NA,0.195842536,4,blue toothpick,Lassen Volcanic 3,2018,40.4664,-121.52311,2440
SQ3,B3,D2-S2-9,6,C12,89,0.24,11,NA,1.5,6,2,PS,NA,0.747014614,8,pink sword,Sequoia 3,2017,36.72109,-118.84933,2350
DPR,B1,D2-S1-5,6,C12,90,0.53,17,NA,4.2,7,2,GP,NA,0.088381967,0,green toothpick,Drum Powerhouse Road,2018,39.22846,-120.81518,1020
DPR,B1,D1-S1-3,6,C12,91,0.75,21,NA,5.2,7,2,GP,NA,0.169763167,0,green toothpick,Drum Powerhouse Road,2018,39.22846,-120.81518,1020
DPR,B2,D1-S2-7,6,C12,93,0.39,16,NA,3.9,6,2,BP,NA,0.630140902,4,blue toothpick,Drum Powerhouse Road,2018,39.22846,-120.81518,1020
WL1,B2,D1-S1-8,6,C12,94,0.32,11,NA,2.6,5,2,BS,NA,0.584855035,6,blue sword,Wright's Lake 1,2019,38.78608,-120.2143,1680
LV3,B1,D1-S2-8,6,C12,95,0.58,11,NA,1.8,7,0,OP,NA,0.203068817,2,orange toothpick,Lassen Volcanic 3,2018,40.4664,-121.52311,2440
WL1,B2,D1-S2-4,6,C12,96,0.82,17,NA,2,6,2,YP,NA,0.225795858,1,yellow toothpick,Wright's Lake 1,2019,38.78608,-120.2143,1680
SQ3,B1,D2-S2-2,6,C12,97,0.55,12,NA,1.7,6,2,OS,NA,0.850560683,5,orange sword,Sequoia 3,2017,36.72109,-118.84933,2350
WL1,B2,D1-S2-9,6,C12,98,0.92,16,NA,2.6,7,2,GP,NA,0.806341394,0,green toothpick,Wright's Lake 1,2019,38.78608,-120.2143,1680
WL1,B1,D1-S1-1,6,C13,1,0.42,13,NA,1.5,5,2,YP,NA,0.041491972,1,yellow toothpick,Wright's Lake 1,2019,38.78608,-120.2143,1680
DPR,B1,D2-S2-8,6,C13,2,0.68,16,NA,4.1,6,2,BP,NA,0.997442373,4,blue toothpick,Drum Powerhouse Road,2018,39.22846,-120.81518,1020
WL1,B2,D1-S1-4,6,C13,3,0.69,14,NA,3.3,5,2,GP,NA,0.04314328,0,green toothpick,Wright's Lake 1,2019,38.78608,-120.2143,1680
LV3,B1,D1-S1-10,6,C13,4,0.53,9,NA,1.5,6,2,BP,NA,0.7132335,4,blue toothpick,Lassen Volcanic 3,2018,40.4664,-121.52311,2440
DPR,B1,D1-S2-4,6,C13,5,0.54,11,NA,3.1,6,2,GP,NA,NA,0,green toothpick,Drum Powerhouse Road,2018,39.22846,-120.81518,1020
LV3,B3,D1-S1-5,6,C13,6,0.7,8,NA,1.7,4,1,BP,NA,0.243918056,4,blue toothpick,Lassen Volcanic 3,2018,40.4664,-121.52311,2440
LV3,B2,D1-S1-6,6,C13,7,0.4,13,NA,2.1,6,2,OP,NA,0.036581089,2,orange toothpick,Lassen Volcanic 3,2018,40.4664,-121.52311,2440
DPR,B2,D2-S1-5,6,C13,8,0.48,17,NA,5.7,5,2,GP,NA,0.897064397,0,green toothpick,Drum Powerhouse Road,2018,39.22846,-120.81518,1020
